<?xml version="1.0" encoding="utf-8" ?>
<Defs>

  <PawnKindDef Name="UrukHaiVillager">
    <defName>LotROG_UrukHai</defName>
    <label>urukhai</label>
    <race>Alien_UrukHai</race>
    <combatPower>25</combatPower>
    <baseRecruitDifficulty>0.80</baseRecruitDifficulty>
    <backstoryCategories><li>Tribal</li></backstoryCategories>
    <defaultFactionType>LotROG_UrukHaiFaction</defaultFactionType>
    <backstoryCryptosleepCommonality>0.0</backstoryCryptosleepCommonality>
    <isFighter>false</isFighter>
    <gearHealthRange>
      <min>0.2</min>
      <max>2.0</max>
    </gearHealthRange>
    <apparelMoney>
      <min>300</min>
      <max>900</max>
    </apparelMoney>
    <apparelTags>
      <li>Tribal</li>
	  <li>LotROG_Goblinlike</li>
    </apparelTags>
    <apparelAllowHeadgearChance>0.4</apparelAllowHeadgearChance>
    <weaponMoney>
      <min>3000</min>
      <max>5000</max>
    </weaponMoney>
    <weaponTags>
      <li>NeolithicMeleeBasic</li>
    </weaponTags>
    <techHediffsMoney>
      <min>5000</min>
      <max>3000</max>
    </techHediffsMoney>
    <invNutrition>2.55</invNutrition>
    <inventoryOptions>
      <skipChance>0</skipChance>
      <subOptionsChooseOne>
        <li>
          <choiceChance>90</choiceChance>
          <thingDef>Silver</thingDef>
          <countRange>
            <min>25</min>
            <max>70</max>
          </countRange>
        </li>
        <li>
          <choiceChance>10</choiceChance>
          <thingDef>Silver</thingDef>
          <countRange>
            <min>700</min>
            <max>1000</max>
          </countRange>
        </li>
      </subOptionsChooseOne>
    </inventoryOptions>
  </PawnKindDef>
  
  <PawnKindDef ParentName="UrukHaiVillager">
    <defName>LotROG_UrukHai_Trader</defName>
    <label>urukhai trader</label>
	<trader>true</trader>
  </PawnKindDef>
  
  <PawnKindDef ParentName="UrukHaiVillager" Name="UrukHaiFighter">
    <defName>LotROG_UrukHai_Fighter</defName>
    <label>urukhai fighter</label>
    <combatPower>50</combatPower>
    <baseRecruitDifficulty>0.80</baseRecruitDifficulty>
    <isFighter>true</isFighter>
    <apparelMoney>
      <min>300</min>
      <max>900</max>
    </apparelMoney>
    <apparelTags>
      <li>Tribal</li>
    </apparelTags>
    <apparelAllowHeadgearChance>0.4</apparelAllowHeadgearChance>
    <weaponMoney>
      <min>3000</min>
      <max>5000</max>
    </weaponMoney>
    <weaponTags Inherit="False">
      <li>NeolithicMeleeBasic</li>
    </weaponTags>
    <invNutrition>2.55</invNutrition>
    <inventoryOptions>
      <skipChance>0</skipChance>
      <subOptionsChooseOne>
        <li>
          <choiceChance>90</choiceChance>
          <thingDef>Silver</thingDef>
          <countRange>
            <min>25</min>
            <max>70</max>
          </countRange>
        </li>
        <li>
          <choiceChance>10</choiceChance>
          <thingDef>Silver</thingDef>
          <countRange>
            <min>700</min>
            <max>1000</max>
          </countRange>
        </li>
      </subOptionsChooseOne>
    </inventoryOptions>
  </PawnKindDef>
  
  <PawnKindDef ParentName="UrukHaiFighter" Name="UrukHaiRanged">
    <defName>LotROG_UrukHai_Ranged</defName>
    <label>urukhai archer</label>
    <combatPower>60</combatPower>
    <weaponTags Inherit="False">
      <li>NeolithicRangedBasic</li>
    </weaponTags>
  </PawnKindDef>
  
  <PawnKindDef ParentName="UrukHaiFighter" Name="UrukHaiChief">
    <defName>LotROG_UrukHai_Chief</defName>
    <label>urukhai chief</label>
    <combatPower>60</combatPower>
    <weaponTags Inherit="False">
      <li>NeolithicRangedHeavy</li>
    </weaponTags>
  </PawnKindDef>
  

</Defs>
