<?xml version="1.0" encoding="utf-8" ?>
<Defs>


  <ThingDef ParentName="ArmorSmithableBase">
    <defName>LotROG_Apparel_UrukPlateArmorFilthy</defName>
    <label>uruk half-plate armor (filthy)</label>
    <description>Sharpened solid plates of armor appear crude covering the upper body, but allowing mobility by keeping the legs and feet mostly unarmored. The filth adds character to the armor, but not much else.</description>
    <recipeMaker>
      <unfinishedThingDef>UnfinishedMetallicTechArmor</unfinishedThingDef>
      <researchPrerequisite>PlateArmor</researchPrerequisite>
      <skillRequirements>
        <Crafting>8</Crafting>
      </skillRequirements>
    </recipeMaker>
    <graphicData>
      <texPath>Things/Pawn/Goblinlike/Apparel/UrukArmor/madWookieRustyUrukHaiArmor_Hulk_south</texPath>
      <graphicClass>Graphic_Single</graphicClass>
	  <shaderType>CutoutComplex</shaderType>
    </graphicData>
    <stuffCategories>
      <li>Metallic</li>
      <li>Woody</li>
    </stuffCategories>
    <costStuffCount>170</costStuffCount>
    <statBases>
      <WorkToMake>38000</WorkToMake>
      <MaxHitPoints>290</MaxHitPoints>
      <Mass>15</Mass>
      <StuffEffectMultiplierArmor>0.73</StuffEffectMultiplierArmor>
      <StuffEffectMultiplierInsulation_Cold>1.0</StuffEffectMultiplierInsulation_Cold>
      <StuffEffectMultiplierInsulation_Heat>0</StuffEffectMultiplierInsulation_Heat>
      <EquipDelay>12</EquipDelay>
    </statBases>
    <equippedStatOffsets>
      <MoveSpeed>-0.6</MoveSpeed>
    </equippedStatOffsets>
    <thingCategories>
      <li>Apparel</li>
    </thingCategories>
    <apparel>
      <bodyPartGroups>
        <li>Torso</li>
        <li>Neck</li>
        <li>Shoulders</li>
        <li>Arms</li>
        <li>Legs</li>
      </bodyPartGroups>
      <wornGraphicPath>Things/Pawn/Goblinlike/Apparel/UrukArmor/madWookieRustyUrukHaiArmor</wornGraphicPath>
      <layers>
        <li>Middle</li>
        <li>Shell</li>
      </layers>
      <tags>
        <li>LotROG_UrukArmor</li>
      </tags>
      <defaultOutfitTags>
        <li>Soldier</li>
      </defaultOutfitTags>
    </apparel>
    <colorGenerator Class="ColorGenerator_Options">
      <options>
        <li>
          <weight>10</weight>
          <only>(0.33,0.33,0.33)</only>
        </li>
        <li>
          <weight>10</weight>
          <only>(0.65,0.65,0.65)</only>
        </li>
        <li>
          <weight>6</weight>
          <min>(0.3,0.3,0.3)</min>
          <max>(0.5,0.5,0.5)</max>
        </li>
      </options>
    </colorGenerator>
  </ThingDef>


  <ThingDef ParentName="ArmorSmithableBase">
    <defName>LotROG_Apparel_UrukPlateArmor</defName>
    <label>uruk half-plate armor</label>
    <description>Sharpened solid plates of armor appear crude covering the upper body, but allowing mobility by keeping the legs and feet mostly unarmored..</description>
    <recipeMaker>
      <unfinishedThingDef>UnfinishedMetallicTechArmor</unfinishedThingDef>
      <researchPrerequisite>PlateArmor</researchPrerequisite>
      <skillRequirements>
        <Crafting>8</Crafting>
      </skillRequirements>
    </recipeMaker>
    <graphicData>
      <texPath>Things/Pawn/Goblinlike/Apparel/UrukArmor/madWookieShinyUrukHaiArmor_Hulk_south</texPath>
      <graphicClass>Graphic_Single</graphicClass>
	  <shaderType>CutoutComplex</shaderType>
    </graphicData>
    <stuffCategories>
      <li>Metallic</li>
      <li>Woody</li>
    </stuffCategories>
    <costStuffCount>170</costStuffCount>
    <statBases>
      <WorkToMake>38000</WorkToMake>
      <MaxHitPoints>290</MaxHitPoints>
      <Mass>15</Mass>
      <StuffEffectMultiplierArmor>0.73</StuffEffectMultiplierArmor>
      <StuffEffectMultiplierInsulation_Cold>1.0</StuffEffectMultiplierInsulation_Cold>
      <StuffEffectMultiplierInsulation_Heat>0</StuffEffectMultiplierInsulation_Heat>
      <EquipDelay>12</EquipDelay>
    </statBases>
    <equippedStatOffsets>
      <MoveSpeed>-0.6</MoveSpeed>
    </equippedStatOffsets>
    <thingCategories>
      <li>Apparel</li>
    </thingCategories>
    <apparel>
      <bodyPartGroups>
        <li>Torso</li>
        <li>Neck</li>
        <li>Shoulders</li>
        <li>Arms</li>
        <li>Legs</li>
      </bodyPartGroups>
      <wornGraphicPath>Things/Pawn/Goblinlike/Apparel/UrukArmor/madWookieShinyUrukHaiArmor</wornGraphicPath>
      <layers>
        <li>Middle</li>
        <li>Shell</li>
      </layers>
      <tags>
        <li>LotROG_UrukArmor</li>
      </tags>
      <defaultOutfitTags>
        <li>Soldier</li>
      </defaultOutfitTags>
    </apparel>
    <colorGenerator Class="ColorGenerator_Options">
      <options>
        <li>
          <weight>10</weight>
          <only>(0.33,0.33,0.33)</only>
        </li>
        <li>
          <weight>10</weight>
          <only>(0.65,0.65,0.65)</only>
        </li>
        <li>
          <weight>6</weight>
          <min>(0.3,0.3,0.3)</min>
          <max>(0.5,0.5,0.5)</max>
        </li>
      </options>
    </colorGenerator>
  </ThingDef>


	<ThingDef ParentName="ApparelMakeableBase">
		<defName>LotROG_Apparel_BitOfRope</defName>
		<label>goblin loincloth</label>
		<description>A loincloth covering held securely with a bit of rope. It is only slightly good with insulation.</description>
		<graphicData>
			<texPath>Things/Pawn/Goblinlike/Apparel/Bitarope/Bitarope</texPath>
			<graphicClass>Graphic_Single</graphicClass>
		</graphicData>
		<techLevel>Neolithic</techLevel>
		<costStuffCount>30</costStuffCount>
		<stuffCategories>
			<li>Fabric</li>
			<li>Leathery</li>
		</stuffCategories>
		<tradeability>Sellable</tradeability>
		<statBases>
			<MaxHitPoints>100</MaxHitPoints>
			<WorkToMake>900</WorkToMake>
			<Mass>0.4</Mass>
      <StuffEffectMultiplierArmor>0.15</StuffEffectMultiplierArmor>
      <StuffEffectMultiplierInsulation_Cold>0.35</StuffEffectMultiplierInsulation_Cold>
      <StuffEffectMultiplierInsulation_Heat>0.35</StuffEffectMultiplierInsulation_Heat>
      <EquipDelay>0.5</EquipDelay>
		</statBases>
		<thingCategories>
			<li>Apparel</li>
		</thingCategories>
		<apparel>
			<bodyPartGroups>
				<li>Torso</li>
				<li>Legs</li>
			</bodyPartGroups>
			<wornGraphicPath>Things/Pawn/Goblinlike/Apparel/Bitarope/Bitarope</wornGraphicPath>
			<layers>
				<li>OnSkin</li>
			</layers>
			<tags>
				<li>LotROG_Goblinlike</li>
			</tags>
		</apparel>
		<recipeMaker>
			<recipeUsers>
				<li>ElectricTailoringBench</li>
				<li>HandTailoringBench</li>
				<li>CraftingSpot</li>
			</recipeUsers>
		</recipeMaker>
		<colorGenerator Class="ColorGenerator_Options">
			<options>
				<li>
					<weight>10</weight>
					<only>(0.4,0.3,0.15)</only>
				</li>
				<li>
					<weight>15</weight>
					<only>(0.6,0.45,0.18)</only>
				</li>
				<li>
					<weight>20</weight>
					<only>(0.8,0.6,0.23)</only>
				</li>
			</options>
		</colorGenerator>
	</ThingDef>


</Defs>
