<?xml version="1.0" encoding="utf-8" ?>
<Defs>


  <AlienRace.RaceSettings>
    <defName>LotROG_OrcGundabadSettings</defName>
	<pawnKindSettings>
	<startingColonists>
		<li>
			<pawnKindEntries>
				<li>
					<kindDefs>
						<li>LotROG_OrcGundabad</li>
					</kindDefs>
					<chance>10.0</chance>
				</li>
			</pawnKindEntries>
			<factionDefs>
				<li>PlayerColony</li> 
			</factionDefs>
		</li>
	</startingColonists>
	<alienslavekinds>
		<li>
			<kindDefs>
				<li>LotROG_OrcGundabad</li>
			</kindDefs>
			<chance>5.0</chance>
		</li>
	</alienslavekinds>
	<alienrefugeekinds>
		<li>
			<kindDefs>
				<li>LotROG_OrcGundabad</li>
			</kindDefs>
			<chance>10.0</chance>
		</li>
	</alienrefugeekinds>
	<alienwandererkinds>
		<li>
			<pawnKindEntries>
				<li>
					<kindDefs>
						<li>LotROG_OrcGundabad</li>
					</kindDefs>
					<chance>10.0</chance>
				</li>
			</pawnKindEntries>
			<factionDefs>
				<li>PlayerColony</li> 
			</factionDefs>
		</li>
	</alienwandererkinds>
	</pawnKindSettings>
  </AlienRace.RaceSettings>


<AlienRace.ThingDef_AlienRace ParentName="BasePawn">
        <defName>Alien_OrcGundabad</defName>
        <label>gundabad orc</label>
        <description>gundabad Orc description</description>
		<alienRace>
			<generalSettings>
				<maleGenderProbability>0.9</maleGenderProbability>    
				<allowHumanBios>false</allowHumanBios>
				<forcedRaceTraitEntries>
					<li>
                        <defName>Bloodlust</defName>
                        <chance>75</chance>
                    </li>
					<li>
                        <defName>Psychopath</defName>
                        <chance>75</chance>
                    </li>
					<li>
                        <defName>Abrasive</defName>
                        <chance>75</chance>
                    </li>
					<li>
                        <defName>AnnoyingVoice</defName>
                        <chance>50</chance>
                    </li>
					<li>
                        <defName>Neurotic</defName>
                        <chance>25</chance>
						<degree>2</degree>
                    </li>
					<li>
                        <defName>Nerves</defName>
                        <chance>25</chance>
						<degree>-1</degree>
                    </li>
                </forcedRaceTraitEntries>
				<!--<maxDamageForSocialfight>6</maxDamageForSocialfight>-->
				<alienPartGenerator>      
					<aliencrowntypes>
						<li>Average_Normal</li>
					</aliencrowntypes>
                    <alienbodytypes>
                        <li>Male</li>
                    </alienbodytypes>
					<useGenderedHeads>false</useGenderedHeads>
                    <bodyAddons>
						<li>
						  <path>GundabadOrc/Ears/gundabadEar</path>
						  <bodyPart>Head</bodyPart>
						  <inFrontOfBody>true</inFrontOfBody>
						  <layerOffset>0</layerOffset>
						  <offsets>
							  <south>
								<bodyTypes>
									<Male>(-0.42,0.46)</Male>
									<Female>(-0.42,0.46)</Female>
									<Fat>(-0.42,0.46)</Fat>
									<Thin>(-0.42,0.46)</Thin>
									<Hulk>(-0.42,0.46)</Hulk>
								</bodyTypes>
								<crownTypes>
									<Average_Normal>(0,0.1)</Average_Normal>
								</crownTypes>
							  </south>
							  <north>
								<bodyTypes>
									<Male>(0,0.82)</Male>
									<Female>(0,0.82)</Female>
									<Fat>(0,0.82)</Fat>
									<Thin>(0,0.82)</Thin>
									<Hulk>(0,0.82)</Hulk>
								</bodyTypes>
								<crownTypes>
									<Average_Normal>(0,0.1)</Average_Normal>
								</crownTypes>
							  </north>
							  <east>
								<bodyTypes>
									<Male>(-0.5,0.5)</Male>
									<Female>(-0.5,0.5)</Female>
									<Fat>(-0.5,0.5)</Fat>
									<Thin>(-0.5,0.5)</Thin>
									<Hulk>(-0.5,0.5)</Hulk>
								</bodyTypes>
								<crownTypes>
									<Average_Normal>(0,0.1)</Average_Normal>
								</crownTypes>
							  </east>
						  </offsets>
						  <useSkinColor>true</useSkinColor>
						  <hiddenUnderApparelFor>
							<li>FullHead</li>
						  </hiddenUnderApparelFor>
						</li>
					  </bodyAddons>

                    <alienskincolorgen Class="ColorGenerator_Options">
                        <options>
                        <li>
                            <weight>1</weight>
                            <only>RGBA(1.0,1.0,1.0,1)</only>
                        </li>
                        <li>
                            <weight>15</weight>
                            <only>RGBA(0.5,0.5,0.5,1)</only>
                        </li>
                        <li>
                            <weight>15</weight>
                            <only>RGBA(0.3,0.3,0.3,1)</only>
                        </li>
						<li>
                            <weight>25</weight>
                            <only>RGBA(0.9,0.8,0.7,1)</only>
                        </li>
                        <li>
                            <weight>25</weight>
                            <only>RGBA(0.6,0.5,0.4,1)</only>
                        </li>
						<li>
                            <weight>25</weight>
                            <only>RGBA(0.8,0.7,0.6,1)</only>
                        </li>
						<li>
                            <weight>2</weight>
                            <only>RGBA(0.3,0.2,0.1,1)</only>
                        </li>
                        <li>
                            <weight>2</weight>
                            <only>RGBA(0.8,0.4,0.5,1)</only>
                        </li>
						<li>
                            <weight>25</weight>
                            <only>RGBA(1.0,0.8,0.7,1)</only>
                        </li>
                        <li>
                            <weight>25</weight>
                            <only>RGBA(0.7,0.5,0.4,1)</only>
                        </li>
						<li>
                            <weight>25</weight>
                            <only>RGBA(0.9,0.7,0.6,1)</only>
                        </li>
						<li>
                            <weight>1</weight>
                            <only>RGBA(0.3,0.5,0.6,1)</only>
                        </li>
                        </options>
                    </alienskincolorgen>
                    <customDrawSize>(0.95, 0.95)</customDrawSize>
					<customHeadDrawSize>(0.95, 0.95)</customHeadDrawSize>
                    <customPortraitDrawSize>(0.95, 0.95)</customPortraitDrawSize>
					<headOffset>(0.0, -0.0)</headOffset> 
                </alienPartGenerator>
		    </generalSettings>
		
            <graphicPaths>
                <li>
                    <head>GundabadOrc/Heads/</head>
                </li>
            </graphicPaths>
		
            <hairSettings>
                <hasHair>true</hasHair>
                <getsGreyAt>50</getsGreyAt>
            </hairSettings>

            <thoughtSettings>
                <cannotReceiveThoughts>
                <li>EnvironmentDark</li>
                <li>CabinFever</li>
                </cannotReceiveThoughts>
            </thoughtSettings>
        </alienRace>
        <!--<uiIconPath>Things/Pawn/Humanlike/UI/IconHuman</uiIconPath>-->
        <statBases>
            <MarketValue>500</MarketValue>
            <MoveSpeed>4.2</MoveSpeed>
            <Flammability>1.0</Flammability>
            <ComfyTemperatureMin>-60</ComfyTemperatureMin>
            <ComfyTemperatureMax>60</ComfyTemperatureMax>
            <LeatherAmount>20</LeatherAmount>
            <ResearchSpeed>0.8</ResearchSpeed>
        </statBases>
        <tools>
		  <li>
			<label>left fist</label>
			<capacities>
			  <li>Blunt</li>
			</capacities>
			<power>6</power>
			<cooldownTime>1.6</cooldownTime>
			<linkedBodyPartsGroup>LeftHand</linkedBodyPartsGroup>
			<surpriseAttack>
			  <extraMeleeDamages>
				<li>
				  <def>Stun</def>
				  <amount>22</amount>
				</li>
			  </extraMeleeDamages>
			</surpriseAttack>
		  </li>
		  <li>
			<label>right fist</label>
			<capacities>
			  <li>Blunt</li>
			</capacities>
			<power>6</power>
			<cooldownTime>1.6</cooldownTime>
			<linkedBodyPartsGroup>RightHand</linkedBodyPartsGroup>
			<surpriseAttack>
			  <extraMeleeDamages>
				<li>
				  <def>Stun</def>
				  <amount>22</amount>
				</li>
			  </extraMeleeDamages>
			</surpriseAttack>
		  </li>
		  <li>
			<label>head</label>
			<capacities>
			  <li>Blunt</li>
			</capacities>
			<power>4</power>
			<cooldownTime>1.8</cooldownTime>
			<linkedBodyPartsGroup>HeadAttackTool</linkedBodyPartsGroup>
		  </li>
		</tools>
        <race>
            <thinkTreeMain>Humanlike</thinkTreeMain>
            <thinkTreeConstant>HumanlikeConstant</thinkTreeConstant>
            <intelligence>Humanlike</intelligence>
            <makesFootprints>true</makesFootprints>
            <lifeExpectancy>150</lifeExpectancy>
            <nameCategory>HumanStandard</nameCategory>
			<leatherDef>LotROG_Leather_Goblin</leatherDef>
            <body>Human</body>
            <baseBodySize>0.8</baseBodySize>
            <baseHealthScale>0.8</baseHealthScale>
            <foodType>CarnivoreAnimal, AnimalProduct, Meat, Kibble, Processed, Corpse</foodType>
			<gestationPeriodDays>20</gestationPeriodDays>
			<litterSizeCurve>
				<points>
				  <li>(0.5, 0)</li>
				  <li>(1, .25)</li>
				  <li>(2, .25)</li>
				  <li>(3, .25)</li>
				  <li>(4, .25)</li>
				  <li>(5, 0)</li>
				</points>
			</litterSizeCurve>
            <lifeStageAges>
                <li>
                    <def>HumanlikeBaby</def>
                    <minAge>0</minAge>
                </li>
                <li>
                    <def>HumanlikeToddler</def>
                    <minAge>1</minAge>
                </li>
                <li>
                    <def>HumanlikeChild</def>
                    <minAge>2</minAge>
                </li>
                <li>
                    <def>HumanlikeTeenager</def>
                    <minAge>3</minAge>
                </li>
                <li>
                    <def>HumanlikeAdult</def>
                    <minAge>5</minAge>
                </li>
            </lifeStageAges>
            <soundMeleeHitPawn>Pawn_Melee_Punch_HitPawn</soundMeleeHitPawn>
            <soundMeleeHitBuilding>Pawn_Melee_Punch_HitBuilding</soundMeleeHitBuilding>
            <soundMeleeMiss>Pawn_Melee_Punch_Miss</soundMeleeMiss>
            <specialShadowData>
                <volume>(0.3, 0.8, 0.4)</volume>
                <offset>(0,0,-0.3)</offset>
            </specialShadowData>
            <ageGenerationCurve>
                <points>
                    <li>(3,0)</li>
                    <li>(5,100)</li>
                    <li>(10,80)</li>
                    <li>(15,25)</li>
                    <li>(20,10)</li>
                    <li>(25,0)</li>
                </points>
            </ageGenerationCurve>
            <hediffGiverSets>
                <li>OrganicStandard</li>
            </hediffGiverSets>
        </race>
        <recipes>
			  <li>InstallPowerClaw</li>
			  
			  <li>InstallBionicEye</li>
			  <li>InstallBionicArm</li>
			  <li>InstallBionicLeg</li>
			  <li>InstallSimpleProstheticArm</li>
			  <li>InstallSimpleProstheticLeg</li>
			  <li>InstallPegLeg</li>
			  <li>InstallDenture</li>
			  <li>InstallJoywire</li>
			  <li>InstallPainstopper</li>
			  <li>InstallNaturalHeart</li>
			  <li>InstallNaturalLung</li>
			  <li>InstallNaturalKidney</li>
			  <li>InstallNaturalLiver</li>
			  <li>ExciseCarcinoma</li>
			  <li>AdministerMechSerumHealer</li>
			  <li>RemoveBodyPart</li>
			  <li>Euthanize</li>
			  <li>Anesthetize</li>
        </recipes>
</AlienRace.ThingDef_AlienRace>
</Defs>